lr-AdamW/pg1,train_f1,epoch,lr-AdamW/pg2,train_loss,step,val_f1,val_loss
2e-05,,,2e-05,,9,,
,0.0,0,,0.20464779436588287,9,,
2e-05,,,2e-05,,19,,
,1.0,0,,0.00955430418252945,19,,
2e-05,,,2e-05,,29,,
,0.0,0,,0.09173731505870819,29,,
2e-05,,,2e-05,,39,,
,0.0,0,,0.06263520568609238,39,,
2e-05,,,2e-05,,49,,
,1.0,0,,0.004601301625370979,49,,
2e-05,,,2e-05,,59,,
,0.0,0,,0.1495872586965561,59,,
2e-05,,,2e-05,,69,,
,0.0,0,,0.03248665854334831,69,,
2e-05,,,2e-05,,79,,
,1.0,0,,0.013473914936184883,79,,
2e-05,,,2e-05,,89,,
,0.0,0,,0.024818379431962967,89,,
2e-05,,,2e-05,,99,,
,0.0,0,,0.11683454364538193,99,,
2e-05,,,2e-05,,109,,
,0.0,0,,0.050950244069099426,109,,
2e-05,,,2e-05,,119,,
,0.0,0,,0.04318927973508835,119,,
2e-05,,,2e-05,,129,,
,0.0,0,,0.09679791331291199,129,,
2e-05,,,2e-05,,139,,
,0.0,0,,0.04419272765517235,139,,
2e-05,,,2e-05,,149,,
,0.0,0,,0.020880702883005142,149,,
2e-05,,,2e-05,,159,,
,0.0,0,,0.05481436848640442,159,,
2e-05,,,2e-05,,169,,
,0.0,0,,0.030356520786881447,169,,
2e-05,,,2e-05,,179,,
,0.5,0,,0.05101155489683151,179,,
2e-05,,,2e-05,,189,,
,0.0,0,,0.007895266637206078,189,,
2e-05,,,2e-05,,199,,
,0.0,0,,0.09786568582057953,199,,
2e-05,,,2e-05,,209,,
,0.0,0,,0.0329730361700058,209,,
2e-05,,,2e-05,,219,,
,0.0,0,,0.09413222223520279,219,,
2e-05,,,2e-05,,229,,
,0.0,0,,0.12549777328968048,229,,
2e-05,,,2e-05,,239,,
,0.3333333432674408,0,,0.01913643442094326,239,,
2e-05,,,2e-05,,249,,
,0.3333333432674408,0,,0.02601049840450287,249,,
2e-05,,,2e-05,,259,,
,0.0,0,,0.01895647682249546,259,,
2e-05,,,2e-05,,269,,
,0.0,0,,0.019871901720762253,269,,
2e-05,,,2e-05,,279,,
,0.5,0,,0.032943882048130035,279,,
2e-05,,,2e-05,,289,,
,0.6666666865348816,0,,0.09022863209247589,289,,
2e-05,,,2e-05,,299,,
,0.800000011920929,0,,0.0456431545317173,299,,
2e-05,,,2e-05,,309,,
,1.0,0,,0.02161615900695324,309,,
2e-05,,,2e-05,,319,,
,1.0,0,,0.0020595218520611525,319,,
2e-05,,,2e-05,,329,,
,0.75,0,,0.04427134618163109,329,,
2e-05,,,2e-05,,339,,
,1.0,0,,0.004868728574365377,339,,
2e-05,,,2e-05,,349,,
,1.0,0,,0.004044612403959036,349,,
2e-05,,,2e-05,,359,,
,1.0,0,,0.00222480739466846,359,,
2e-05,,,2e-05,,369,,
,1.0,0,,0.010603392496705055,369,,
2e-05,,,2e-05,,379,,
,1.0,0,,0.010580633766949177,379,,
2e-05,,,2e-05,,389,,
,0.0,0,,0.017280923202633858,389,,
2e-05,,,2e-05,,399,,
,1.0,0,,0.003938880283385515,399,,
2e-05,,,2e-05,,409,,
,0.5714285969734192,0,,0.0608941912651062,409,,
2e-05,,,2e-05,,419,,
,0.8571428656578064,0,,0.04628060385584831,419,,
,,0,,,426,0.5928686857223511,0.03204088658094406
2e-05,,,2e-05,,429,,
,1.0,1,,0.002081000478938222,429,,
2e-05,,,2e-05,,439,,
,0.0,1,,0.013420318253338337,439,,
2e-05,,,2e-05,,449,,
,1.0,1,,0.0013399969320744276,449,,
2e-05,,,2e-05,,459,,
,1.0,1,,0.0033823566045612097,459,,
2e-05,,,2e-05,,469,,
,1.0,1,,0.0036363035906106234,469,,
2e-05,,,2e-05,,479,,
,1.0,1,,0.002866259543225169,479,,
2e-05,,,2e-05,,489,,
,0.4000000059604645,1,,0.03456825762987137,489,,
2e-05,,,2e-05,,499,,
,0.5,1,,0.01942659169435501,499,,
2e-05,,,2e-05,,509,,
,0.3333333432674408,1,,0.038344211876392365,509,,
2e-05,,,2e-05,,519,,
,1.0,1,,0.01462655421346426,519,,
2e-05,,,2e-05,,529,,
,1.0,1,,0.002302101580426097,529,,
2e-05,,,2e-05,,539,,
,1.0,1,,0.007967310026288033,539,,
2e-05,,,2e-05,,549,,
,0.0,1,,0.01319154817610979,549,,
2e-05,,,2e-05,,559,,
,0.4000000059604645,1,,0.07340080291032791,559,,
2e-05,,,2e-05,,569,,
,0.0,1,,0.025155825540423393,569,,
2e-05,,,2e-05,,579,,
,0.800000011920929,1,,0.009951630607247353,579,,
2e-05,,,2e-05,,589,,
,0.0,1,,0.0473136343061924,589,,
2e-05,,,2e-05,,599,,
,0.0,1,,0.005011431407183409,599,,
2e-05,,,2e-05,,609,,
,0.6666666865348816,1,,0.030376987531781197,609,,
2e-05,,,2e-05,,619,,
,1.0,1,,0.0025120247155427933,619,,
2e-05,,,2e-05,,629,,
,1.0,1,,0.0019186238059774041,629,,
2e-05,,,2e-05,,639,,
,0.0,1,,0.01229654997587204,639,,
2e-05,,,2e-05,,649,,
,0.0,1,,0.00930496770888567,649,,
2e-05,,,2e-05,,659,,
,1.0,1,,0.0012274048058316112,659,,
2e-05,,,2e-05,,669,,
,0.0,1,,0.05427318811416626,669,,
2e-05,,,2e-05,,679,,
,1.0,1,,0.0027311646845191717,679,,
2e-05,,,2e-05,,689,,
,0.0,1,,0.025003403425216675,689,,
2e-05,,,2e-05,,699,,
,0.0,1,,0.008804692886769772,699,,
2e-05,,,2e-05,,709,,
,0.6666666865348816,1,,0.01472591981291771,709,,
2e-05,,,2e-05,,719,,
,1.0,1,,0.0020145114976912737,719,,
2e-05,,,2e-05,,729,,
,1.0,1,,0.004744669888168573,729,,
2e-05,,,2e-05,,739,,
,1.0,1,,0.0029648994095623493,739,,
2e-05,,,2e-05,,749,,
,1.0,1,,0.006589815951883793,749,,
2e-05,,,2e-05,,759,,
,0.0,1,,0.02948937937617302,759,,
2e-05,,,2e-05,,769,,
,1.0,1,,0.012100258842110634,769,,
2e-05,,,2e-05,,779,,
,0.0,1,,0.025049129500985146,779,,
2e-05,,,2e-05,,789,,
,0.6666666865348816,1,,0.02715086005628109,789,,
2e-05,,,2e-05,,799,,
,0.8571428656578064,1,,0.03242652490735054,799,,
2e-05,,,2e-05,,809,,
,0.0,1,,0.008190544322133064,809,,
2e-05,,,2e-05,,819,,
,1.0,1,,0.002527103293687105,819,,
2e-05,,,2e-05,,829,,
,0.4444444477558136,1,,0.04311154782772064,829,,
2e-05,,,2e-05,,839,,
,1.0,1,,0.002821367932483554,839,,
2e-05,,,2e-05,,849,,
,0.0,1,,0.05481904000043869,849,,
,,1,,,853,0.7016822099685669,0.023001015186309814
2e-05,,,2e-05,,859,,
,1.0,2,,0.002710304455831647,859,,
2e-05,,,2e-05,,869,,
,0.6666666865348816,2,,0.005144543945789337,869,,
2e-05,,,2e-05,,879,,
,0.0,2,,0.0039703454822301865,879,,
2e-05,,,2e-05,,889,,
,0.5,2,,0.01188442949205637,889,,
2e-05,,,2e-05,,899,,
,1.0,2,,0.004796996247023344,899,,
2e-05,,,2e-05,,909,,
,1.0,2,,0.003412515390664339,909,,
2e-05,,,2e-05,,919,,
,1.0,2,,0.0009666876867413521,919,,
2e-05,,,2e-05,,929,,
,0.6666666865348816,2,,0.013168559409677982,929,,
2e-05,,,2e-05,,939,,
,1.0,2,,0.0013380737509578466,939,,
2e-05,,,2e-05,,949,,
,1.0,2,,0.002282115863636136,949,,
2e-05,,,2e-05,,959,,
,1.0,2,,0.00046570345875807106,959,,
2e-05,,,2e-05,,969,,
,1.0,2,,0.00021155059221200645,969,,
2e-05,,,2e-05,,979,,
,1.0,2,,0.0008902194094844162,979,,
2e-05,,,2e-05,,989,,
,1.0,2,,0.0004236703098285943,989,,
2e-05,,,2e-05,,999,,
,0.6666666865348816,2,,0.04887418821454048,999,,
2e-05,,,2e-05,,1009,,
,0.800000011920929,2,,0.008592456579208374,1009,,
2e-05,,,2e-05,,1019,,
,0.800000011920929,2,,0.009791877120733261,1019,,
2e-05,,,2e-05,,1029,,
,0.800000011920929,2,,0.010090244933962822,1029,,
2e-05,,,2e-05,,1039,,
,0.9090909361839294,2,,0.015467392280697823,1039,,
2e-05,,,2e-05,,1049,,
,1.0,2,,0.003330833278596401,1049,,
2e-05,,,2e-05,,1059,,
,1.0,2,,0.01058985199779272,1059,,
2e-05,,,2e-05,,1069,,
,0.0,2,,0.037600502371788025,1069,,
2e-05,,,2e-05,,1079,,
,0.0,2,,0.006378099322319031,1079,,
2e-05,,,2e-05,,1089,,
,1.0,2,,0.00042752549052238464,1089,,
2e-05,,,2e-05,,1099,,
,1.0,2,,0.009046279825270176,1099,,
2e-05,,,2e-05,,1109,,
,1.0,2,,0.0007267679320648313,1109,,
2e-05,,,2e-05,,1119,,
,1.0,2,,0.00352845317684114,1119,,
2e-05,,,2e-05,,1129,,
,1.0,2,,0.0006579452892765403,1129,,
2e-05,,,2e-05,,1139,,
,0.4000000059604645,2,,0.013143695890903473,1139,,
2e-05,,,2e-05,,1149,,
,0.800000011920929,2,,0.10261356085538864,1149,,
2e-05,,,2e-05,,1159,,
,1.0,2,,0.0007895788876339793,1159,,
2e-05,,,2e-05,,1169,,
,1.0,2,,0.0004414969007484615,1169,,
2e-05,,,2e-05,,1179,,
,1.0,2,,0.003266126150265336,1179,,
2e-05,,,2e-05,,1189,,
,1.0,2,,0.0006573369028046727,1189,,
2e-05,,,2e-05,,1199,,
,1.0,2,,0.0018825867446139455,1199,,
2e-05,,,2e-05,,1209,,
,1.0,2,,0.0008002165704965591,1209,,
2e-05,,,2e-05,,1219,,
,0.4000000059604645,2,,0.04634237289428711,1219,,
2e-05,,,2e-05,,1229,,
,1.0,2,,0.002270078519359231,1229,,
2e-05,,,2e-05,,1239,,
,1.0,2,,0.0019379310542717576,1239,,
2e-05,,,2e-05,,1249,,
,1.0,2,,0.00044852367136627436,1249,,
2e-05,,,2e-05,,1259,,
,1.0,2,,0.0012843658914789557,1259,,
2e-05,,,2e-05,,1269,,
,1.0,2,,0.0024942008312791586,1269,,
2e-05,,,2e-05,,1279,,
,1.0,2,,0.0006435475079342723,1279,,
,,2,,,1280,0.7186710238456726,0.024570226669311523
2e-05,,,2e-05,,1289,,
,1.0,3,,0.0034583688247948885,1289,,
2e-05,,,2e-05,,1299,,
,0.8888888955116272,3,,0.010890488512814045,1299,,
2e-05,,,2e-05,,1309,,
,1.0,3,,0.0036322197411209345,1309,,
2e-05,,,2e-05,,1319,,
,1.0,3,,0.00018563169578555971,1319,,
2e-05,,,2e-05,,1329,,
,1.0,3,,0.001408098847605288,1329,,
2e-05,,,2e-05,,1339,,
,0.8571428656578064,3,,0.00968148559331894,1339,,
2e-05,,,2e-05,,1349,,
,1.0,3,,0.0006399257108569145,1349,,
2e-05,,,2e-05,,1359,,
,1.0,3,,0.0011187609052285552,1359,,
2e-05,,,2e-05,,1369,,
,1.0,3,,0.0016205149004235864,1369,,
2e-05,,,2e-05,,1379,,
,1.0,3,,0.0010233907960355282,1379,,
2e-05,,,2e-05,,1389,,
,0.8888888955116272,3,,0.01595081202685833,1389,,
2e-05,,,2e-05,,1399,,
,1.0,3,,0.0017223246395587921,1399,,
2e-05,,,2e-05,,1409,,
,1.0,3,,0.000613309966865927,1409,,
2e-05,,,2e-05,,1419,,
,0.9333333373069763,3,,0.009969142265617847,1419,,
2e-05,,,2e-05,,1429,,
,1.0,3,,0.0002536344691179693,1429,,
2e-05,,,2e-05,,1439,,
,1.0,3,,0.002368730492889881,1439,,
2e-05,,,2e-05,,1449,,
,1.0,3,,0.00020481858518905938,1449,,
2e-05,,,2e-05,,1459,,
,1.0,3,,0.0007075500907376409,1459,,
2e-05,,,2e-05,,1469,,
,1.0,3,,0.0038196707610040903,1469,,
2e-05,,,2e-05,,1479,,
,1.0,3,,0.005866413004696369,1479,,
2e-05,,,2e-05,,1489,,
,1.0,3,,0.000720649550203234,1489,,
2e-05,,,2e-05,,1499,,
,1.0,3,,0.0006694556213915348,1499,,
2e-05,,,2e-05,,1509,,
,1.0,3,,0.0006890111835673451,1509,,
2e-05,,,2e-05,,1519,,
,1.0,3,,0.00015706625708844513,1519,,
2e-05,,,2e-05,,1529,,
,1.0,3,,0.0001549715962028131,1529,,
2e-05,,,2e-05,,1539,,
,1.0,3,,0.00012937614519614726,1539,,
2e-05,,,2e-05,,1549,,
,1.0,3,,0.00010820956958923489,1549,,
2e-05,,,2e-05,,1559,,
,1.0,3,,0.00032711937092244625,1559,,
2e-05,,,2e-05,,1569,,
,1.0,3,,0.00015053866081871092,1569,,
2e-05,,,2e-05,,1579,,
,1.0,3,,0.00204133871011436,1579,,
2e-05,,,2e-05,,1589,,
,0.0,3,,0.012536431662738323,1589,,
2e-05,,,2e-05,,1599,,
,1.0,3,,0.0003394870145712048,1599,,
2e-05,,,2e-05,,1609,,
,1.0,3,,0.0004193712957203388,1609,,
2e-05,,,2e-05,,1619,,
,1.0,3,,0.001898299902677536,1619,,
2e-05,,,2e-05,,1629,,
,1.0,3,,0.00020305081852711737,1629,,
2e-05,,,2e-05,,1639,,
,1.0,3,,0.00020281015895307064,1639,,
2e-05,,,2e-05,,1649,,
,1.0,3,,0.0002424649428576231,1649,,
2e-05,,,2e-05,,1659,,
,1.0,3,,7.772821845719591e-05,1659,,
2e-05,,,2e-05,,1669,,
,1.0,3,,0.0032286595087498426,1669,,
2e-05,,,2e-05,,1679,,
,1.0,3,,0.00010977592319250107,1679,,
2e-05,,,2e-05,,1689,,
,0.6666666865348816,3,,0.005699088331311941,1689,,
2e-05,,,2e-05,,1699,,
,1.0,3,,0.0015027029439806938,1699,,
,,3,,,1707,0.6930454969406128,0.02561219222843647
2.0000000000000003e-06,,,2.0000000000000003e-06,,1709,,
,1.0,4,,0.00039117393316701055,1709,,
